set, card
grn, 213
eld, 151
eld, 151
eld, 151
eld, 151
eld, 79
eld, 79
m20, 105
m20, 105
eld, 165
eld, 165
eld, 165
eld, 165
grn, 77
grn, 77
eld, 97
eld, 97
eld, 90
eld, 90
eld, 90
eld, 90
eld, 99
eld, 99
eld, 99
eld, 99
eld, 105
eld, 105
eld, 105
eld, 105
c20, 212
c20, 212
m20, 95
m20, 95
eld, 226
eld, 226
eld, 226
eld, 226
eld, 241
eld, 241
eld, 244
m20, 254
m20, 254
iko, 249
iko, 249
iko, 249
iko, 272
iko, 272
iko, 272
iko, 272
iko, 272
iko, 272
iko, 272
iko, 266
iko, 266
iko, 266
iko, 266
iko, 266
iko, 266
iko, 266
iko, 266
